order_id,customer_id,order_date,product,quantity,price
3437,2855,2024-02-18,Laptop,4,899.56
9966,2744,2024-01-07,Phone,7,831.34
7399,2344,2024-07-04,Laptop,10,178.28
1469,2613,2023-11-29,Mouse,7,504.74
1476,2156,2023-12-24,Phone,10,973.40
7513,2841,2023-11-29,Phone,6,807.05
9286,2703,2023-10-01,Headphones,1,455.39
4433,2719,2024-02-24,Headphones,9,7.24
7054,2289,2023-10-31,Headphones,1,792.63
6322,2147,2023-10-07,Laptop,10,127.90
9967,2357,2023-12-25,Keyboard,7,523.80
1360,2588,2024-03-27,Monitor,3,864.02
9633,2904,2023-10-07,Monitor,7,585.08
5867,2832,2024-06-07,Laptop,7,734.20
9989,2068,2024-07-07,Laptop,9,344.26
6057,2203,2024-09-04,Mouse,9,496.98
3408,2212,2024-04-22,Laptop,8,51.06
3211,2299,2023-11-05,Laptop,9,312.42
5577,2260,2023-11-08,Keyboard,7,100.18
2555,2958,2024-01-29,Headphones,9,54.32
5072,2493,2024-09-12,Monitor,2,419.75
8784,2837,2024-06-24,Monitor,2,903.20
8197,2255,2024-03-14,Phone,1,313.32
7645,2047,2024-05-30,Laptop,8,466.93
1681,2897,2024-03-28,Phone,9,819.06
3288,2093,2024-06-13,Monitor,9,279.19
3200,2422,2024-08-15,Monitor,10,70.89
3289,2007,2024-02-16,Keyboard,9,989.57
4761,2605,2024-07-23,Phone,2,482.56
3029,2148,2024-05-17,Keyboard,6,149.66
7634,2989,2024-08-16,Phone,1,651.90
8468,2624,2023-10-07,Mouse,8,629.40
2992,2974,2024-02-25,Monitor,2,992.90
5899,2313,2023-10-11,Monitor,7,748.70
7873,2175,2024-08-01,Phone,9,927.71
4735,2670,2023-11-04,Monitor,2,170.47
1441,2555,2024-01-07,Headphones,7,48.62
7192,2125,2024-06-14,Mouse,7,772.38
2521,2896,2024-01-27,Monitor,3,755.68
4183,2981,2024-09-11,Laptop,10,865.43
1028,2897,2023-12-22,Monitor,1,895.62
5414,2973,2023-11-11,Phone,3,576.12
7800,2230,2023-11-30,Mouse,10,700.57
8891,2842,2024-03-09,Headphones,6,46.21
2945,2528,2023-10-27,Laptop,5,98.44
1971,2826,2024-08-10,Monitor,5,36.08
3988,2580,2023-09-29,Monitor,5,424.52
4538,2889,2024-03-02,Mouse,6,748.78
3999,2811,2024-07-16,Keyboard,3,623.94
4101,2369,2024-05-10,Laptop,8,382.52
1786,2597,2024-04-21,Mouse,6,235.92
4398,2401,2024-07-12,Keyboard,1,422.63
3224,2040,2023-12-18,Phone,2,856.84
3721,2993,2024-07-13,Monitor,10,342.30
4370,2126,2024-03-02,Laptop,4,158.76
6226,2430,2024-03-19,Headphones,9,532.35
7247,2384,2023-10-31,Mouse,9,237.93
6990,2857,2024-02-16,Keyboard,9,930.52
8736,2474,2024-03-18,Mouse,5,589.78
2873,2780,2024-07-15,Keyboard,3,453.20
7661,2515,2024-07-24,Laptop,7,959.21
1531,2175,2024-04-28,Mouse,7,789.76
8366,2887,2023-12-12,Headphones,9,919.04
6884,2746,2024-07-30,Mouse,5,411.26
5716,2129,2023-12-11,Laptop,6,89.82
8292,2992,2023-11-24,Headphones,4,106.48
8664,2206,2024-02-07,Monitor,1,803.70
1524,2120,2023-11-12,Monitor,4,848.61
6056,2131,2024-02-29,Keyboard,1,708.41
9683,2191,2024-02-25,Laptop,10,211.53
6026,2087,2024-07-09,Keyboard,5,942.70
8999,2222,2023-11-04,Mouse,3,179.81
6266,2368,2024-01-21,Headphones,10,268.10
5404,2987,2024-01-28,Headphones,3,101.72
5366,2098,2024-04-07,Monitor,5,518.18
1984,2291,2024-08-27,Keyboard,7,282.18
2989,2005,2023-11-17,Laptop,4,700.43
9697,2203,2024-01-10,Laptop,9,830.49
9266,2352,2024-07-01,Monitor,7,546.06
6737,2470,2024-01-04,Laptop,3,349.88
6434,2178,2023-11-03,Phone,1,674.51
2692,2750,2024-04-25,Laptop,8,576.86
6393,2231,2024-08-06,Mouse,1,577.22
6354,2625,2024-09-06,Mouse,10,535.88
3400,2693,2023-12-10,Laptop,4,415.70
7651,2036,2024-04-02,Laptop,7,519.70
7898,2387,2024-08-17,Monitor,3,708.60
3189,2087,2023-12-13,Laptop,10,757.14
6352,2302,2023-12-27,Mouse,10,584.74
5224,2307,2023-11-23,Laptop,4,560.81
9047,2291,2023-10-09,Headphones,2,311.84
9336,2451,2024-05-09,Laptop,2,599.66
3910,2344,2024-03-29,Phone,5,466.60
7184,2787,2024-07-29,Keyboard,9,977.26
9539,2464,2024-05-20,Headphones,1,839.20
4435,2172,2024-05-03,Phone,1,575.00
3317,2548,2023-10-12,Laptop,3,724.47
5577,2648,2023-11-15,Mouse,10,776.80
5637,2957,2023-10-30,Headphones,4,213.16
2125,2232,2024-06-11,Monitor,5,93.00
1714,2401,2024-08-27,Monitor,1,530.06
3163,2385,2024-05-31,Laptop,9,285.50
4481,2301,2024-07-07,Headphones,10,404.83
7387,2766,2023-12-30,Monitor,2,811.12
5382,2670,2024-05-20,Keyboard,3,231.90
5874,2996,2024-05-29,Phone,6,378.68
3909,2021,2024-08-05,Phone,3,383.49
8902,2116,2023-12-12,Keyboard,1,841.95
7038,2630,2024-06-09,Keyboard,3,720.26
1281,2877,2023-11-25,Headphones,6,921.56
9281,2510,2023-10-04,Monitor,8,860.81
9452,2778,2024-01-02,Keyboard,3,663.74
1002,2590,2024-01-10,Monitor,2,742.80
1993,2524,2024-06-23,Mouse,9,995.67
2250,2796,2024-07-21,Keyboard,9,371.85
5505,2979,2024-02-25,Mouse,5,865.72
9071,2796,2024-08-08,Monitor,7,787.27
9038,2959,2024-06-21,Headphones,3,824.17
1935,2405,2024-05-30,Monitor,5,983.39
3085,2082,2024-08-06,Headphones,9,71.28
2564,2649,2024-04-25,Keyboard,4,969.28
6935,2980,2023-11-21,Phone,8,927.56
4144,2742,2024-06-19,Mouse,3,249.73
2311,2333,2024-06-06,Mouse,9,972.16
5970,2502,2024-07-13,Headphones,5,279.17
9552,2449,2024-06-04,Laptop,1,913.20
5367,2136,2024-05-02,Mouse,2,348.54
1617,2572,2023-11-18,Laptop,1,141.34
5186,2804,2024-08-07,Laptop,10,404.33
6462,2157,2024-09-17,Phone,8,828.61
5586,2892,2024-07-11,Monitor,7,908.76
3059,2921,2024-06-30,Laptop,2,193.18
8578,2332,2024-01-29,Keyboard,4,347.46
3573,2121,2024-04-28,Keyboard,6,255.65
5173,2274,2024-06-15,Mouse,4,371.12
7469,2017,2024-02-20,Monitor,6,723.23
2378,2095,2024-05-07,Mouse,7,798.22
7229,2249,2024-01-10,Headphones,2,703.43
5770,2158,2023-12-20,Laptop,7,612.77
6404,2069,2023-12-29,Mouse,8,820.00
2674,2358,2024-02-10,Headphones,5,599.39
8899,2877,2024-04-21,Laptop,5,15.82
9008,2353,2023-10-12,Keyboard,3,29.13
2593,2145,2023-12-19,Headphones,6,457.95
7265,2873,2024-04-24,Keyboard,8,984.07
5249,2710,2023-12-20,Phone,9,255.65
2900,2375,2023-10-24,Phone,8,971.62
4523,2718,2024-04-13,Headphones,1,234.88
5371,2197,2024-07-01,Mouse,1,551.58
8800,2953,2024-02-12,Headphones,1,954.73
6543,2197,2024-01-12,Phone,5,960.52
1740,2194,2024-03-07,Keyboard,9,910.62
8462,2029,2024-04-16,Monitor,2,681.51
8291,2914,2024-06-10,Laptop,10,621.81
3298,2986,2024-02-12,Monitor,6,561.58
4496,2044,2024-08-28,Headphones,5,11.03
4201,2012,2024-06-18,Headphones,6,246.88
6735,2933,2024-05-02,Laptop,6,491.59
5394,2562,2024-01-03,Keyboard,10,152.53
3014,2081,2024-08-14,Keyboard,6,78.21
1853,2748,2024-01-13,Mouse,9,680.50
8689,2176,2023-12-06,Monitor,5,817.79
2171,2559,2024-02-01,Phone,4,90.26
7822,2161,2023-11-27,Headphones,1,749.62
2043,2333,2023-12-02,Monitor,4,767.17
7810,2043,2024-04-09,Keyboard,6,624.60
8976,2087,2024-04-29,Headphones,6,334.27
3071,2554,2024-08-13,Keyboard,8,211.88
7417,2782,2023-10-23,Mouse,10,659.08
2810,2947,2024-05-19,Headphones,10,204.00
9664,2925,2024-03-23,Mouse,10,104.26
2817,2266,2023-11-28,Keyboard,5,302.80
2396,2604,2024-02-18,Phone,1,802.22
5676,2574,2024-01-14,Mouse,7,375.42
1354,2286,2024-06-25,Keyboard,3,974.61
9138,2803,2023-12-18,Monitor,4,650.79
8946,2766,2024-04-12,Monitor,5,878.85
1649,2911,2024-01-15,Keyboard,2,732.86
6300,2217,2023-11-20,Headphones,3,614.95
7716,2378,2023-10-16,Monitor,1,162.62
5991,2522,2024-08-21,Laptop,2,256.18
5496,2596,2023-10-21,Laptop,6,732.82
7888,2035,2024-05-25,Mouse,2,375.50
2024,2594,2024-04-23,Keyboard,7,288.85
9071,2496,2024-08-12,Headphones,1,44.40
4753,2848,2024-01-19,Phone,8,926.19
6982,2313,2024-05-06,Headphones,5,508.73
7335,2023,2023-10-27,Headphones,7,168.07
5214,2858,2024-08-28,Headphones,9,444.78
5592,2238,2024-03-15,Keyboard,6,411.87
1589,2600,2024-01-19,Mouse,4,322.33
3122,2692,2023-10-31,Headphones,5,139.53
1664,2785,2024-07-24,Headphones,2,268.74
2451,2245,2024-06-15,Laptop,2,594.56
3865,2174,2024-06-23,Monitor,8,592.25
5694,2111,2023-09-30,Headphones,2,198.00
4554,2921,2024-02-25,Keyboard,3,22.55
9327,2964,2024-09-20,Headphones,10,402.01
3917,2273,2023-11-18,Laptop,1,727.70
9023,2097,2024-02-19,Mouse,8,934.22
6992,2313,2024-07-16,Monitor,4,524.34
8251,2095,2023-12-05,Mouse,3,824.26
3165,2401,2023-12-25,Headphones,10,561.29
9192,2196,2023-11-02,Laptop,1,972.47
2110,2771,2024-02-13,Keyboard,10,664.40
4626,2324,2024-01-27,Phone,3,303.94
1336,2442,2024-07-11,Monitor,2,980.39
3094,2968,2024-06-08,Monitor,10,98.62
2538,2099,2024-07-14,Headphones,6,354.57
1836,2854,2023-10-17,Mouse,9,111.89
4621,2440,2024-03-22,Mouse,8,346.91
3449,2030,2024-08-11,Monitor,6,614.78
2341,2228,2024-04-11,Keyboard,8,86.67
7508,2671,2024-04-27,Mouse,8,597.36
8970,2511,2023-11-14,Headphones,9,713.55
5888,2791,2024-05-07,Keyboard,6,575.72
7493,2651,2023-12-21,Keyboard,6,219.38
3943,2087,2024-08-31,Monitor,1,382.65
4113,2665,2024-05-26,Mouse,8,152.14
9744,2114,2024-01-13,Laptop,5,880.16
1134,2792,2023-11-27,Mouse,10,449.36
9509,2646,2024-08-03,Headphones,8,707.96
2535,2315,2024-07-19,Phone,5,526.10
1062,2156,2024-07-19,Keyboard,9,784.65
1615,2808,2023-12-13,Laptop,10,779.42
5626,2461,2024-04-30,Laptop,4,367.89
7724,2202,2024-05-28,Laptop,6,157.32
3346,2790,2024-04-11,Phone,6,918.79
5926,2246,2024-09-18,Phone,1,405.90
4565,2327,2024-05-03,Phone,5,738.91
5080,2659,2024-03-31,Monitor,10,920.45
3790,2475,2023-10-04,Phone,4,976.00
2003,2930,2023-11-08,Monitor,9,289.44
5830,2134,2023-12-18,Headphones,5,979.69
6021,2871,2024-08-18,Phone,3,534.69
1619,2295,2023-12-18,Keyboard,6,139.14
9520,2961,2024-05-01,Monitor,9,856.64
8436,2137,2024-02-06,Laptop,5,262.48
8183,2096,2023-10-15,Monitor,6,538.55
2876,2516,2023-10-04,Monitor,2,972.37
7902,2149,2024-08-09,Laptop,5,924.25
6955,2803,2023-11-30,Laptop,4,618.64
6209,2031,2023-11-06,Mouse,10,535.51
7175,2164,2024-01-30,Monitor,6,159.68
7431,2095,2024-03-24,Keyboard,7,493.28
8934,2584,2023-12-11,Laptop,8,947.95
5731,2852,2024-05-23,Headphones,3,872.27
4295,2379,2023-10-05,Monitor,7,78.68
9107,2488,2024-05-21,Monitor,1,224.67
9206,2758,2023-11-12,Headphones,5,321.13
3051,2681,2023-10-01,Mouse,1,730.86
4156,2776,2023-10-24,Keyboard,1,451.30
6529,2115,2024-05-31,Mouse,3,165.65
9929,2553,2023-09-26,Keyboard,5,137.25
8841,2175,2024-08-27,Monitor,5,771.33
5985,2049,2024-08-30,Monitor,1,562.04
9241,2584,2024-03-10,Monitor,9,406.50
6223,2261,2023-09-27,Headphones,6,427.93
3132,2357,2023-11-06,Phone,10,31.33
9539,2725,2023-12-09,Laptop,8,65.80
4836,2547,2024-08-07,Mouse,7,318.17
4445,2402,2024-02-17,Keyboard,8,17.25
8923,2860,2023-10-26,Monitor,3,422.65
6269,2027,2023-11-16,Keyboard,2,604.99
3079,2894,2024-08-15,Keyboard,3,289.40
8983,2613,2024-03-26,Phone,10,130.09
3066,2197,2024-09-05,Mouse,3,43.40
8538,2042,2024-01-24,Mouse,5,731.60
6253,2444,2023-11-19,Headphones,3,719.98
7594,2897,2024-03-22,Headphones,6,189.11
4060,2671,2024-03-17,Headphones,6,886.29
5020,2283,2024-06-11,Mouse,5,720.82
8205,2107,2024-07-14,Phone,5,375.78
3024,2093,2023-11-30,Laptop,1,201.80
1920,2117,2024-06-28,Laptop,3,271.77
1128,2786,2024-07-29,Monitor,1,491.45
7096,2537,2024-08-02,Laptop,4,797.79
7178,2057,2024-02-10,Mouse,5,461.70
1413,2007,2024-07-07,Monitor,6,369.93
6751,2860,2023-10-11,Laptop,1,392.75
7540,2739,2024-07-06,Monitor,5,785.21
5050,2845,2024-04-10,Mouse,3,283.49
7610,2681,2024-02-08,Mouse,5,512.26
4498,2517,2024-01-19,Monitor,1,33.89
8431,2021,2024-04-12,Monitor,2,193.16
9779,2354,2023-11-30,Mouse,8,948.50
7251,2919,2024-01-12,Headphones,6,259.24
4119,2249,2023-09-28,Phone,3,238.99
8298,2837,2023-12-26,Monitor,9,981.41
2867,2359,2023-10-31,Keyboard,9,499.78
8118,2768,2024-07-28,Keyboard,9,226.67
8064,2064,2024-01-23,Headphones,5,254.47
7127,2584,2023-10-24,Mouse,10,574.56
9785,2748,2024-06-17,Keyboard,8,947.63
4056,2041,2024-06-30,Laptop,7,450.90
9441,2172,2023-10-11,Headphones,3,919.64
5674,2669,2023-10-22,Phone,3,191.84
8457,2247,2024-07-15,Mouse,7,450.21
6403,2928,2024-08-02,Laptop,5,288.97
6946,2727,2023-10-04,Keyboard,6,801.06
5617,2491,2023-12-23,Mouse,4,743.87
3109,2756,2024-09-17,Monitor,1,339.63
3532,2836,2024-03-12,Keyboard,10,805.04
1929,2905,2024-09-10,Phone,9,117.98
4909,2488,2024-02-27,Keyboard,1,946.01
7708,2188,2024-04-01,Headphones,6,564.87
5366,2708,2024-02-03,Keyboard,5,88.15
9423,2855,2023-10-06,Keyboard,7,688.44
3054,2122,2024-08-18,Mouse,7,63.09
7857,2616,2023-12-06,Laptop,2,645.53
5295,2829,2024-05-12,Laptop,6,847.40
4430,2199,2024-01-14,Mouse,1,826.27
4525,2086,2024-05-15,Phone,3,82.21
8558,2448,2024-09-06,Headphones,8,170.86
8040,2297,2024-04-28,Keyboard,1,908.58
2734,2024,2023-12-10,Laptop,2,870.97
1807,2813,2024-08-11,Monitor,9,838.41
9623,2376,2024-02-20,Mouse,8,715.96
4323,2605,2024-09-02,Headphones,2,574.09
1257,2486,2024-03-30,Phone,7,967.93
2368,2334,2024-08-22,Phone,9,653.55
8484,2483,2024-08-12,Monitor,7,188.65
5272,2552,2023-11-07,Keyboard,10,452.94
8065,2433,2024-08-23,Headphones,3,817.87
8968,2009,2024-01-18,Keyboard,3,882.59
4675,2216,2024-03-05,Monitor,3,468.86
3275,2034,2024-07-12,Headphones,2,743.24
2924,2436,2024-03-01,Monitor,10,502.14
5767,2026,2023-11-22,Phone,1,920.90
2646,2042,2023-12-13,Phone,2,16.32
8206,2911,2024-03-02,Phone,5,590.80
2556,2537,2024-09-03,Keyboard,5,188.41
7594,2548,2024-05-30,Laptop,5,781.72
7183,2497,2024-06-05,Phone,6,337.59
5324,2681,2024-08-13,Phone,2,516.20
1473,2471,2024-07-06,Keyboard,9,117.55
3710,2673,2024-01-29,Headphones,9,524.18
8244,2690,2023-12-03,Laptop,7,874.67
1415,2850,2024-04-20,Keyboard,1,535.25
4854,2501,2024-08-08,Laptop,1,789.98
8365,2989,2024-02-14,Phone,6,495.32
8052,2738,2023-09-30,Keyboard,6,548.82
6021,2591,2024-08-24,Mouse,3,659.06
9268,2475,2023-10-12,Phone,8,896.64
9399,2102,2023-10-19,Phone,4,549.37
3625,2115,2024-04-27,Laptop,7,511.30
5715,2853,2024-09-01,Keyboard,5,882.65
5269,2582,2024-04-25,Monitor,3,385.64
4424,2761,2023-09-25,Headphones,7,868.59
9802,2378,2024-02-09,Monitor,2,60.51
6234,2630,2023-12-14,Keyboard,7,88.11
4161,2322,2024-07-10,Monitor,7,620.60
2026,2267,2024-07-06,Laptop,8,992.46
4354,2308,2024-01-17,Mouse,7,829.33
6462,2964,2024-03-02,Phone,6,15.81
5769,2951,2023-10-06,Keyboard,3,997.57
4296,2893,2023-10-12,Headphones,8,795.24
3765,2561,2024-04-20,Laptop,7,795.85
3873,2925,2024-04-15,Monitor,6,38.51
4606,2971,2023-10-02,Laptop,4,839.58
7053,2066,2024-02-01,Monitor,1,807.99
9658,2100,2024-04-12,Headphones,6,408.41
7488,2801,2023-10-27,Keyboard,8,346.47
6283,2285,2023-10-25,Monitor,1,664.42
1827,2061,2023-11-24,Headphones,7,705.14
4431,2475,2023-11-22,Headphones,4,75.77
3189,2633,2024-03-15,Mouse,4,649.09
1917,2234,2024-01-08,Keyboard,9,915.19
1172,2318,2024-08-18,Monitor,8,574.24
2839,2682,2024-04-17,Monitor,9,474.77
9713,2024,2024-04-05,Phone,7,647.73
7595,2603,2024-01-31,Mouse,10,778.98
7193,2877,2024-07-13,Laptop,7,117.24
9336,2712,2024-04-08,Monitor,7,153.99
4952,2615,2024-04-05,Phone,8,208.82
5053,2025,2023-11-03,Monitor,10,545.72
8305,2458,2023-10-06,Monitor,7,736.59
1602,2643,2024-02-18,Keyboard,6,564.91
4254,2189,2024-07-28,Keyboard,6,158.16
5379,2819,2024-09-01,Headphones,1,624.25
1399,2715,2023-11-25,Laptop,1,290.02
2345,2185,2024-06-10,Monitor,3,386.11
4060,2641,2024-08-24,Phone,2,835.77
2327,2377,2023-11-06,Mouse,7,546.78
2179,2839,2024-02-01,Mouse,9,185.18
5245,2898,2024-06-26,Monitor,3,511.99
7002,2680,2024-01-23,Headphones,1,125.55
7852,2065,2024-06-27,Phone,9,468.30
3126,2403,2023-10-27,Laptop,1,917.31
2002,2813,2024-02-25,Monitor,2,561.55
5085,2363,2023-10-06,Laptop,5,31.16
3097,2955,2024-06-01,Phone,1,405.22
6602,2797,2024-09-05,Phone,9,82.85
2280,2211,2023-12-29,Monitor,8,643.45
1451,2455,2023-12-14,Headphones,7,977.29
3884,2597,2024-06-30,Keyboard,9,759.34
3497,2724,2024-03-22,Mouse,10,340.47
6618,2633,2023-11-26,Monitor,6,879.74
1363,2030,2024-07-22,Phone,6,344.35
2936,2012,2024-04-11,Headphones,1,460.01
8110,2000,2024-03-29,Monitor,5,775.60
7546,2888,2023-11-25,Mouse,8,866.04
1084,2195,2023-11-04,Mouse,4,560.06
1842,2418,2023-12-12,Keyboard,1,675.94
1854,2471,2024-02-16,Keyboard,4,795.02
5817,2587,2023-10-18,Keyboard,7,433.52
6345,2543,2024-04-28,Mouse,10,437.01
9320,2816,2024-09-21,Keyboard,4,365.08
3834,2633,2024-03-04,Keyboard,5,903.61
6286,2661,2024-08-14,Phone,4,43.99
9536,2643,2024-09-15,Mouse,9,693.83
9689,2685,2023-12-29,Keyboard,2,252.85
7835,2635,2023-09-26,Headphones,8,447.88
5856,2927,2023-12-13,Laptop,4,753.66
5318,2868,2024-06-12,Laptop,4,927.31
9535,2676,2024-07-30,Headphones,6,135.09
5859,2480,2024-01-18,Mouse,6,97.60
5485,2885,2024-01-22,Laptop,5,362.65
9452,2395,2023-11-23,Phone,3,736.84
1551,2533,2024-06-09,Keyboard,4,708.12
5960,2157,2023-12-08,Monitor,4,198.57
7792,2956,2024-01-24,Phone,8,393.29
6067,2450,2024-03-23,Headphones,1,826.09
5868,2422,2024-07-15,Phone,10,350.78
4859,2287,2024-05-27,Keyboard,5,593.46
3401,2090,2023-12-27,Monitor,3,351.61
3741,2076,2024-04-21,Mouse,9,942.84
8538,2803,2024-06-29,Phone,8,715.55
7922,2335,2024-05-30,Phone,5,25.08
3661,2974,2024-05-28,Mouse,10,550.11
5885,2199,2024-04-25,Laptop,10,346.77
4736,2082,2023-09-30,Headphones,10,805.11
1674,2969,2024-04-05,Keyboard,9,735.95
1622,2517,2024-05-04,Phone,2,120.41
6371,2976,2023-10-06,Mouse,2,817.20
6111,2485,2024-05-05,Keyboard,3,549.91
9812,2520,2024-08-14,Headphones,8,169.68
7809,2029,2024-04-12,Keyboard,6,914.89
1307,2575,2024-07-31,Monitor,10,487.76
4493,2068,2024-06-30,Phone,1,857.26
1253,2169,2024-02-29,Headphones,2,867.87
5227,2167,2024-08-15,Headphones,3,801.69
3240,2636,2024-03-22,Keyboard,7,151.38
4416,2109,2024-06-24,Phone,2,154.04
1487,2648,2023-10-13,Laptop,4,941.29
1963,2380,2023-10-23,Headphones,1,869.18
6576,2384,2024-07-12,Mouse,10,962.60
4453,2970,2024-05-08,Phone,5,567.48
2992,2590,2024-09-09,Phone,7,522.04
9282,2727,2024-08-13,Monitor,3,757.07
7717,2882,2023-10-30,Monitor,8,631.84
8779,2517,2023-12-12,Headphones,4,52.93
2984,2722,2023-10-11,Laptop,6,65.25
1748,2919,2024-09-19,Phone,10,308.37
8634,2008,2024-04-30,Mouse,8,823.38
2852,2604,2024-04-07,Keyboard,4,8.92
8422,2444,2023-10-31,Keyboard,9,406.10
9607,2881,2024-05-14,Keyboard,10,291.97
8290,2924,2023-10-26,Headphones,8,544.61
8876,2929,2024-03-28,Mouse,9,559.88
9987,2106,2024-05-27,Monitor,8,751.06
8725,2192,2024-08-20,Laptop,9,903.73
1039,2528,2024-04-17,Keyboard,9,947.17
6182,2686,2024-09-12,Keyboard,7,351.25
4092,2724,2024-08-07,Mouse,9,853.29
4804,2806,2024-02-20,Keyboard,4,320.65
9872,2073,2024-01-17,Laptop,4,664.04
2285,2123,2023-11-06,Phone,10,940.53
9054,2189,2023-11-03,Keyboard,6,687.74
9516,2774,2023-10-18,Monitor,10,904.74
5865,2005,2024-05-29,Monitor,3,739.46
5603,2644,2024-08-01,Keyboard,4,190.74
4472,2762,2023-10-10,Laptop,9,816.23
6618,2797,2023-10-04,Mouse,4,26.56
9356,2165,2024-01-07,Keyboard,4,936.38
6431,2475,2023-11-21,Mouse,6,59.30
8100,2308,2024-01-17,Phone,10,449.52
7513,2158,2023-11-12,Headphones,1,752.15
7146,2644,2023-10-28,Monitor,4,602.96
3100,2373,2023-10-01,Phone,4,419.87
5501,2374,2024-01-06,Laptop,4,455.90
5444,2464,2023-11-21,Mouse,3,192.62
5265,2557,2024-01-07,Laptop,2,405.40
8372,2738,2024-05-05,Phone,4,783.53
8077,2519,2024-04-18,Mouse,6,520.19
5962,2334,2023-11-12,Laptop,4,664.76
2191,2900,2024-05-07,Headphones,9,146.87
7730,2633,2024-04-20,Monitor,2,107.57
4198,2127,2024-07-15,Mouse,5,903.93
3632,2615,2024-02-28,Headphones,9,406.93
7049,2694,2024-03-09,Laptop,4,47.60
5999,2903,2023-10-16,Keyboard,3,779.35
2313,2586,2024-09-20,Monitor,8,944.11
1614,2275,2023-09-26,Monitor,1,180.70
7259,2256,2023-12-01,Phone,10,74.75
8284,2930,2024-05-26,Monitor,1,346.76
9494,2291,2024-05-03,Phone,10,577.59
7899,2302,2024-01-03,Laptop,7,615.86
3503,2686,2024-07-25,Mouse,1,678.78
8864,2805,2023-12-13,Mouse,6,469.48
1231,2451,2024-09-08,Monitor,5,761.39
6841,2037,2023-10-24,Keyboard,7,179.25
2704,2277,2023-12-15,Monitor,10,630.36
5245,2087,2024-06-18,Phone,5,660.30
2473,2279,2024-07-29,Keyboard,8,254.46
1871,2956,2024-05-20,Mouse,2,407.86
9569,2606,2023-12-24,Phone,10,519.88
9292,2222,2023-12-17,Phone,7,263.18
8336,2623,2023-11-21,Headphones,2,160.24
5887,2410,2023-11-08,Mouse,8,280.82
6302,2458,2024-07-14,Keyboard,8,8.68
7658,2950,2023-11-09,Keyboard,5,735.72
2660,2953,2023-11-19,Phone,7,929.56
8993,2940,2023-10-08,Headphones,4,314.89
5206,2169,2023-11-11,Laptop,6,811.50
9059,2096,2024-09-05,Keyboard,9,993.15
1653,2289,2024-03-10,Headphones,6,812.69
5351,2380,2024-02-06,Headphones,6,461.34
6965,2697,2024-08-23,Keyboard,8,583.19
9416,2365,2024-04-16,Keyboard,1,693.49
9974,2587,2024-05-25,Keyboard,10,228.96
5445,2071,2024-01-15,Mouse,7,347.39
8770,2683,2024-05-13,Headphones,4,662.22
2404,2084,2024-03-31,Phone,7,859.34
9254,2871,2023-10-30,Monitor,2,600.06
4306,2719,2024-06-17,Phone,8,40.42
8943,2156,2024-02-19,Mouse,7,266.50
3706,2448,2024-03-26,Monitor,9,292.68
1440,2383,2024-02-12,Mouse,3,878.53
7782,2418,2024-04-10,Monitor,9,202.48
9392,2383,2024-09-02,Phone,3,173.51
7994,2650,2024-06-22,Phone,6,784.62
7530,2149,2024-07-26,Mouse,3,489.23
4017,2952,2024-01-13,Headphones,1,229.62
7357,2078,2024-02-19,Monitor,10,185.50
7670,2651,2024-07-22,Keyboard,8,728.07
6087,2024,2024-06-23,Keyboard,3,886.28
7398,2013,2024-04-09,Keyboard,10,990.47
4282,2076,2023-11-18,Phone,4,454.25
2274,2707,2024-05-31,Monitor,8,613.28
7494,2805,2024-03-11,Phone,3,183.67
1046,2346,2024-06-16,Phone,8,258.71
4777,2302,2023-09-22,Mouse,7,716.42
1143,2218,2023-09-25,Laptop,9,911.23
5239,2732,2023-09-23,Phone,6,221.77
8034,2699,2024-06-19,Headphones,3,878.12
1615,2388,2023-11-14,Keyboard,5,328.68
2148,2791,2023-11-24,Phone,10,634.71
9199,2380,2024-06-15,Monitor,2,765.43
3995,2688,2023-11-27,Keyboard,9,855.38
8509,2983,2024-04-30,Laptop,5,795.77
8413,2017,2023-12-20,Mouse,10,955.46
7684,2939,2024-03-02,Phone,9,758.79
1702,2455,2023-11-28,Keyboard,8,783.64
4560,2810,2023-12-25,Monitor,10,491.38
9864,2818,2023-12-11,Phone,8,369.46
2362,2938,2024-08-10,Mouse,1,194.16
1035,2438,2024-07-16,Keyboard,5,620.22
9111,2711,2023-11-09,Laptop,3,682.20
2006,2574,2024-06-26,Laptop,8,855.71
9063,2402,2023-12-23,Monitor,6,464.47
1652,2177,2024-02-20,Phone,9,201.52
1571,2698,2024-07-24,Headphones,9,636.79
4758,2078,2024-04-28,Headphones,6,299.68
8686,2280,2024-08-05,Monitor,5,786.62
3603,2736,2023-12-28,Monitor,1,638.08
7463,2768,2024-02-28,Headphones,10,463.04
9193,2981,2024-01-29,Phone,10,386.91
7174,2442,2024-01-29,Monitor,2,121.49
1217,2683,2024-04-16,Headphones,5,180.24
2911,2555,2024-06-27,Keyboard,5,150.47
1485,2683,2023-10-17,Headphones,2,607.19
4233,2679,2024-09-09,Laptop,2,734.10
1118,2943,2024-03-17,Mouse,6,475.24
8212,2550,2024-04-07,Mouse,6,183.22
1890,2524,2024-09-15,Keyboard,10,50.69
7060,2916,2024-03-03,Headphones,1,259.50
9137,2815,2024-07-14,Laptop,3,462.20
4057,2168,2024-08-31,Monitor,5,347.65
9971,2243,2024-04-07,Laptop,3,81.61
5187,2433,2024-08-24,Phone,5,546.65
3691,2106,2023-12-15,Keyboard,3,149.73
5318,2185,2023-11-23,Headphones,6,863.32
5414,2730,2024-08-07,Mouse,3,864.31
6668,2104,2024-02-10,Keyboard,10,220.23
3561,2981,2024-08-18,Headphones,7,953.00
2598,2222,2024-06-04,Phone,4,815.32
4596,2364,2024-02-01,Laptop,3,38.61
4227,2471,2024-04-19,Keyboard,9,334.29
7283,2588,2024-06-22,Mouse,4,427.72
6126,2931,2024-01-22,Phone,5,518.24
7513,2492,2024-07-01,Mouse,8,118.58
8535,2363,2024-08-16,Mouse,9,595.27
8398,2277,2023-10-02,Keyboard,1,471.17
9839,2703,2023-10-09,Keyboard,8,382.24
2602,2014,2023-12-05,Headphones,2,351.05
7023,2940,2023-11-29,Headphones,6,411.86
1305,2038,2024-01-30,Phone,2,80.28
5410,2337,2024-06-23,Mouse,2,785.74
9796,2166,2023-11-28,Laptop,5,354.50
1534,2805,2024-09-12,Laptop,6,309.16
3388,2575,2024-01-22,Mouse,4,368.28
4280,2218,2023-11-16,Laptop,1,850.75
8114,2612,2024-01-04,Monitor,4,829.87
4917,2283,2024-09-04,Headphones,4,622.48
2689,2970,2024-05-25,Phone,9,465.10
7648,2947,2024-03-23,Keyboard,2,112.71
2372,2186,2024-05-25,Keyboard,4,800.16
4666,2304,2024-05-27,Mouse,3,658.86
4627,2928,2023-09-30,Laptop,3,671.54
4359,2056,2024-03-27,Keyboard,8,726.51
4029,2447,2024-05-14,Monitor,1,203.06
6894,2945,2023-12-08,Mouse,10,108.80
4865,2791,2024-03-04,Phone,9,114.39
1568,2870,2023-12-23,Phone,8,439.58
5660,2788,2024-01-25,Mouse,7,507.97
3784,2875,2024-02-02,Headphones,3,563.11
9280,2914,2023-10-06,Laptop,5,865.57
9817,2500,2024-07-16,Monitor,7,148.40
8673,2505,2023-11-21,Laptop,6,213.87
2208,2302,2024-09-04,Phone,3,760.97
1237,2288,2023-11-14,Laptop,5,509.36
9367,2684,2023-10-29,Mouse,4,14.09
3370,2851,2024-07-18,Laptop,8,540.62
1827,2837,2024-09-18,Monitor,4,698.00
8807,2576,2023-12-17,Keyboard,10,415.76
8001,2306,2023-12-04,Laptop,6,113.05
8043,2844,2024-07-31,Headphones,7,170.35
3615,2300,2024-02-23,Monitor,7,644.98
9757,2854,2023-12-31,Phone,5,809.87
5409,2933,2024-06-18,Laptop,2,267.96
6911,2904,2024-06-09,Laptop,1,800.87
6565,2034,2024-06-12,Mouse,7,795.89
2184,2569,2024-08-18,Laptop,5,734.12
3486,2231,2023-10-23,Monitor,6,848.95
1675,2763,2024-01-27,Monitor,9,747.11
1133,2976,2024-06-12,Laptop,1,362.65
3468,2697,2024-02-24,Headphones,10,425.34
9033,2288,2024-03-03,Mouse,7,235.54
5711,2850,2024-09-09,Monitor,3,810.46
8765,2231,2023-12-01,Mouse,10,943.69
9817,2683,2023-10-04,Keyboard,7,192.71
3983,2240,2023-11-04,Keyboard,9,963.79
9183,2845,2023-09-23,Monitor,7,281.21
9918,2302,2024-05-24,Headphones,4,820.56
3908,2108,2024-03-12,Monitor,10,629.13
2607,2239,2023-11-29,Headphones,7,784.44
8168,2528,2023-10-14,Monitor,6,242.95
6829,2645,2024-07-09,Mouse,9,300.69
3177,2240,2024-05-01,Headphones,7,554.01
1072,2201,2024-06-19,Laptop,1,423.48
7642,2321,2024-01-25,Keyboard,4,117.26
6167,2430,2024-06-10,Headphones,5,512.40
2572,2280,2024-02-03,Mouse,3,365.00
8395,2699,2024-04-20,Monitor,3,908.75
9650,2483,2023-11-10,Phone,4,882.70
5526,2156,2024-06-24,Laptop,1,493.31
8736,2620,2024-08-26,Monitor,3,106.36
3618,2614,2024-03-06,Phone,6,650.83
4663,2232,2024-02-25,Monitor,10,725.30
7906,2948,2024-06-16,Laptop,2,830.83
6406,2605,2024-02-16,Headphones,2,479.73
5650,2749,2024-07-24,Keyboard,3,334.66
9311,2829,2024-07-09,Laptop,2,292.99
8987,2441,2023-11-07,Keyboard,1,915.99
4049,2755,2023-11-29,Headphones,2,181.78
9117,2860,2024-06-21,Laptop,2,737.43
2792,2950,2024-05-06,Monitor,10,32.31
1400,2357,2024-09-02,Phone,3,146.26
2431,2656,2024-06-29,Keyboard,7,386.98
4459,2619,2024-01-21,Laptop,9,282.35
3962,2570,2023-12-17,Phone,6,462.41
4489,2893,2024-01-17,Laptop,10,920.00
4419,2416,2023-11-25,Monitor,9,112.91
5239,2564,2023-11-30,Headphones,9,698.71
8134,2178,2023-10-12,Headphones,9,358.37
1406,2661,2024-02-12,Phone,3,712.10
1837,2190,2023-09-28,Phone,2,495.20
3389,2894,2023-11-16,Laptop,10,3.15
8738,2570,2024-09-15,Mouse,3,95.44
6354,2733,2023-09-25,Headphones,2,763.29
3637,2910,2024-08-11,Mouse,8,302.90
4041,2430,2024-07-30,Phone,1,583.18
4956,2644,2023-09-29,Phone,2,869.76
8608,2115,2024-06-12,Monitor,3,462.65
7306,2776,2024-04-22,Headphones,2,85.97
5735,2154,2024-06-22,Mouse,5,908.80
7052,2756,2024-07-14,Mouse,6,78.13
5084,2523,2024-01-08,Mouse,9,329.28
1293,2238,2023-10-28,Laptop,2,211.46
6715,2436,2024-08-01,Headphones,2,383.78
5792,2421,2023-10-25,Headphones,8,905.14
8057,2196,2024-09-12,Keyboard,3,179.80
3043,2555,2023-12-30,Headphones,9,961.35
9182,2572,2024-07-28,Phone,1,875.18
6319,2082,2023-12-31,Monitor,4,993.96
5471,2901,2024-01-09,Keyboard,7,276.09
7623,2729,2023-11-08,Laptop,5,701.64
1801,2272,2024-01-10,Laptop,1,580.73
3243,2654,2024-03-05,Mouse,9,666.68
1302,2418,2024-09-15,Headphones,8,552.47
1283,2946,2024-08-09,Phone,3,736.32
6790,2163,2023-10-02,Phone,2,455.21
1336,2592,2024-04-27,Keyboard,10,94.22
6526,2331,2024-08-29,Keyboard,2,928.31
7108,2090,2023-12-01,Phone,2,296.89
2388,2201,2024-03-01,Monitor,10,520.69
9794,2058,2024-03-05,Headphones,4,258.30
1376,2140,2023-10-11,Mouse,1,17.91
4513,2378,2024-01-21,Laptop,4,509.11
2701,2551,2024-04-02,Monitor,7,201.13
9007,2254,2024-02-23,Keyboard,9,658.70
8467,2586,2024-05-15,Keyboard,2,110.01
9153,2524,2024-02-29,Keyboard,6,732.31
9526,2914,2024-02-20,Phone,6,385.16
6188,2439,2024-07-02,Phone,10,992.65
1260,2537,2023-12-19,Monitor,3,458.85
3639,2150,2024-09-09,Phone,6,654.25
8314,2846,2024-07-10,Mouse,8,860.41
6953,2978,2024-09-12,Phone,5,581.21
2354,2506,2023-10-23,Keyboard,1,852.77
2331,2417,2024-02-22,Monitor,2,786.97
3624,2155,2024-02-12,Mouse,5,32.13
9258,2007,2023-12-15,Keyboard,4,133.51
3491,2161,2024-05-06,Monitor,2,45.53
3265,2117,2024-06-14,Mouse,10,592.19
6646,2419,2024-05-01,Phone,6,686.03
1124,2335,2024-07-21,Mouse,5,466.78
8801,2939,2024-08-29,Headphones,1,458.86
8099,2817,2024-05-28,Headphones,5,288.58
5159,2412,2023-12-20,Phone,8,726.48
7269,2897,2024-03-30,Mouse,3,738.59
6610,2005,2024-04-05,Keyboard,8,493.08
4126,2936,2024-01-05,Headphones,4,214.35
8296,2291,2024-07-04,Laptop,2,254.48
2391,2288,2024-01-01,Monitor,4,993.91
9461,2604,2023-12-22,Monitor,1,644.48
4291,2868,2024-02-07,Laptop,5,285.99
3815,2857,2024-03-15,Monitor,1,256.81
7270,2676,2024-07-02,Headphones,10,971.78
4894,2837,2024-01-19,Mouse,10,885.92
6583,2269,2024-01-13,Headphones,4,80.43
3574,2980,2024-07-15,Mouse,1,77.60
4616,2212,2024-07-05,Monitor,8,467.23
6222,2873,2024-09-20,Mouse,9,360.76
5831,2249,2023-11-03,Keyboard,9,394.74
8835,2893,2024-06-23,Monitor,6,988.72
2572,2724,2023-10-10,Phone,5,262.06
1359,2163,2024-08-09,Keyboard,7,389.70
7582,2571,2024-04-08,Monitor,2,284.79
1205,2132,2023-12-13,Monitor,10,612.58
9853,2138,2023-11-01,Headphones,2,760.18
7927,2253,2023-10-17,Laptop,3,818.94
2304,2636,2023-10-13,Phone,2,748.42
3146,2766,2024-02-28,Monitor,3,369.35
5458,2423,2024-07-19,Headphones,4,996.90
5493,2744,2024-07-13,Headphones,10,773.33
3674,2359,2024-08-18,Phone,9,667.40
5500,2296,2023-10-23,Phone,9,787.68
8576,2084,2024-01-30,Laptop,4,272.80
7368,2085,2024-05-10,Laptop,1,593.89
1087,2192,2024-04-30,Laptop,1,181.28
4727,2045,2024-06-19,Phone,10,975.38
4402,2047,2024-07-18,Keyboard,1,941.28
2554,2944,2024-04-09,Headphones,7,369.95
7350,2692,2023-10-06,Mouse,6,732.06
8204,2259,2024-01-05,Keyboard,9,658.23
1313,2265,2023-12-21,Monitor,9,102.43
4102,2585,2023-12-27,Headphones,7,386.22
5172,2071,2024-06-22,Mouse,4,588.76
3338,2720,2023-12-20,Phone,3,739.57
8671,2712,2024-09-09,Headphones,10,951.52
7365,2347,2023-12-12,Monitor,1,664.96
9338,2513,2023-12-08,Keyboard,1,694.66
4020,2473,2024-01-06,Mouse,10,700.03
5719,2115,2024-09-06,Keyboard,9,719.08
6707,2412,2024-06-13,Headphones,7,213.94
3259,2311,2024-06-05,Headphones,7,27.87
5332,2262,2024-07-31,Laptop,4,994.63
2260,2153,2024-05-15,Laptop,1,64.69
1257,2601,2024-05-08,Phone,8,692.79
4828,2736,2024-09-14,Monitor,1,692.68
2240,2048,2024-01-01,Keyboard,8,985.08
8361,2191,2024-03-05,Monitor,8,481.81
1489,2993,2024-07-22,Headphones,7,322.29
4407,2330,2024-05-26,Keyboard,6,160.13
9404,2334,2024-02-09,Phone,4,414.16
4880,2330,2024-03-20,Monitor,2,809.29
1187,2374,2024-04-19,Keyboard,9,79.89
2109,2836,2024-09-10,Mouse,2,289.38
9495,2662,2024-09-04,Phone,8,463.90
8669,2092,2024-01-20,Headphones,5,936.32
3313,2213,2024-09-18,Keyboard,6,997.82
5399,2871,2024-07-03,Laptop,4,801.59
2456,2227,2023-12-31,Phone,7,344.20
9462,2950,2023-12-02,Headphones,3,104.27
2111,2175,2024-02-03,Headphones,8,6.13
3851,2352,2024-07-14,Mouse,7,300.79
9021,2212,2024-09-14,Keyboard,9,826.55
2530,2220,2023-12-08,Mouse,6,977.33
8990,2338,2024-01-25,Headphones,8,726.28
5371,2142,2024-08-22,Phone,10,782.49
4530,2014,2023-10-01,Mouse,8,974.70
5861,2109,2024-05-22,Headphones,10,748.11
4641,2760,2023-12-26,Monitor,3,288.26
5591,2924,2023-11-13,Keyboard,4,731.14
4145,2724,2023-12-02,Phone,4,184.04
3053,2098,2023-10-07,Phone,8,616.05
4309,2582,2024-04-17,Laptop,10,722.77
5490,2711,2024-01-21,Mouse,1,803.77
7011,2803,2024-03-10,Mouse,4,18.09
3657,2075,2023-10-13,Laptop,10,293.75
7085,2101,2024-01-07,Keyboard,8,914.21
7843,2842,2023-11-06,Headphones,9,798.17
9007,2333,2024-09-05,Laptop,8,46.12
2176,2685,2024-01-19,Keyboard,4,455.32
7864,2146,2024-09-14,Mouse,1,352.80
7624,2395,2023-12-17,Monitor,3,92.02
5010,2766,2023-09-25,Keyboard,4,389.15
9271,2584,2024-04-02,Headphones,1,931.44
3353,2459,2024-04-06,Headphones,10,818.06
6899,2166,2024-01-25,Mouse,7,75.08
2238,2613,2024-07-17,Headphones,2,206.43
2545,2518,2024-05-11,Headphones,2,16.97
5292,2639,2023-10-07,Laptop,6,221.56
2096,2779,2024-02-05,Monitor,7,926.90
1510,2520,2024-02-08,Laptop,10,387.29
3077,2131,2023-11-27,Mouse,8,38.89
1724,2990,2024-09-08,Headphones,2,606.09
4020,2601,2024-06-04,Keyboard,7,664.75
2009,2173,2023-11-16,Headphones,9,758.08
2815,2544,2023-12-18,Phone,4,502.43
2736,2552,2024-06-13,Monitor,8,18.44
8459,2422,2024-01-24,Monitor,2,717.55
5754,2954,2024-08-15,Monitor,4,793.41
2451,2739,2023-11-03,Mouse,7,106.20
9540,2810,2024-04-14,Monitor,9,93.25
3387,2852,2023-12-04,Mouse,7,514.82
7375,2449,2024-01-08,Laptop,1,581.95
4808,2579,2024-05-25,Mouse,3,937.20
5233,2996,2024-01-23,Laptop,6,813.74
1793,2705,2023-11-19,Mouse,1,238.52
4530,2925,2024-03-20,Mouse,6,223.06
4837,2521,2024-01-21,Keyboard,9,925.88
3000,2257,2024-07-18,Monitor,7,368.87
7978,2159,2024-08-14,Monitor,3,865.97
3129,2773,2024-06-20,Monitor,1,87.70
2111,2753,2023-12-10,Phone,9,770.26
2913,2627,2023-11-07,Phone,8,376.16
5333,2016,2024-05-24,Keyboard,8,337.49
4888,2018,2023-12-05,Monitor,2,453.53
8723,2121,2024-06-16,Headphones,2,472.51
2041,2878,2024-08-30,Mouse,7,366.20
3934,2771,2024-07-03,Laptop,9,697.87
6229,2380,2023-12-11,Laptop,2,608.18
2549,2732,2023-12-28,Headphones,6,591.72
6881,2220,2023-09-23,Laptop,5,502.02
8493,2705,2023-11-17,Phone,2,647.99
4626,2460,2024-03-31,Keyboard,9,168.07
9909,2220,2023-10-03,Laptop,1,490.51
9949,2353,2024-05-28,Phone,9,585.68
5655,2190,2024-07-08,Laptop,5,477.94
1955,2647,2024-06-12,Keyboard,2,206.85
9097,2957,2024-01-06,Laptop,10,854.88
8870,2978,2024-07-02,Headphones,10,729.41
9713,2639,2023-11-15,Monitor,6,648.60
6197,2080,2024-03-07,Laptop,4,99.74
2405,2345,2023-10-14,Monitor,9,900.82
1530,2444,2024-01-24,Keyboard,4,290.66
2016,2701,2024-01-21,Monitor,1,31.70
6425,2319,2024-06-20,Phone,1,411.11
8252,2207,2023-09-22,Phone,10,406.27
4137,2484,2024-01-31,Headphones,2,295.83
6505,2630,2023-10-12,Monitor,3,582.56
5519,2319,2023-11-14,Laptop,7,830.61
1081,2479,2024-04-17,Headphones,6,440.05
2958,2584,2024-02-27,Monitor,8,452.06
5440,2087,2023-11-14,Phone,3,950.46
8137,2279,2024-02-05,Laptop,1,844.32
6814,2520,2023-12-21,Monitor,3,646.39
6643,2886,2024-08-25,Mouse,10,976.81
5814,2554,2023-12-03,Monitor,1,474.00
7276,2319,2024-09-14,Laptop,6,451.97
2601,2405,2024-04-26,Phone,1,583.14
9174,2495,2024-09-13,Laptop,6,40.98
3350,2024,2024-01-08,Headphones,2,294.59
2132,2177,2024-07-25,Mouse,4,196.07
5672,2334,2023-10-03,Laptop,3,479.96
4570,2370,2024-03-30,Monitor,2,928.25
7026,2060,2023-11-01,Phone,10,155.48
6502,2942,2024-05-10,Headphones,5,29.29
1421,2555,2024-07-19,Mouse,1,499.10
1723,2063,2023-12-17,Laptop,8,368.01
5407,2464,2024-05-29,Headphones,5,204.40
5555,2504,2023-11-09,Mouse,6,865.57
5440,2763,2024-02-14,Phone,10,101.54
5737,2797,2024-06-17,Mouse,7,404.88
2210,2431,2023-12-20,Headphones,1,411.47
1794,2281,2024-04-25,Mouse,9,193.67
3876,2477,2024-05-28,Monitor,10,172.11
8527,2752,2024-08-09,Phone,10,730.20
6594,2034,2024-01-18,Keyboard,7,172.66
8378,2818,2023-11-12,Headphones,8,602.93
5671,2786,2023-11-28,Mouse,3,70.32
6538,2230,2024-05-23,Monitor,10,580.74
9829,2185,2024-07-27,Mouse,6,240.25
8377,2880,2024-05-21,Keyboard,7,355.03
2993,2991,2024-03-22,Monitor,9,358.53
4331,2237,2024-03-18,Laptop,1,561.04
9534,2121,2023-10-20,Mouse,10,283.69
9098,2850,2024-05-25,Mouse,4,205.82
9304,2451,2023-10-25,Mouse,10,358.32
3777,2240,2024-02-26,Mouse,2,210.61
2812,2976,2023-10-07,Mouse,5,957.25
8281,2741,2024-06-26,Laptop,8,207.48
6128,2881,2024-04-17,Keyboard,8,897.70
6901,2691,2023-11-26,Keyboard,7,672.24
7655,2122,2024-05-04,Headphones,1,293.46
8951,2944,2024-02-16,Keyboard,5,722.70
3826,2356,2023-12-31,Headphones,1,686.29
7010,2670,2023-10-30,Keyboard,7,557.32
6661,2258,2024-02-09,Monitor,10,101.95
2893,2738,2024-04-11,Keyboard,10,616.68
2486,2737,2024-06-13,Headphones,5,556.82
6883,2292,2023-11-15,Mouse,1,166.68
5105,2278,2023-12-24,Phone,5,658.91
8716,2961,2023-10-07,Mouse,1,47.35
7012,2753,2023-09-30,Keyboard,7,766.26
2354,2476,2024-03-07,Phone,1,624.77
3147,2996,2024-04-21,Keyboard,1,899.41
6515,2836,2024-08-25,Mouse,6,993.79
2034,2948,2023-10-11,Headphones,2,439.73
5878,2049,2023-10-19,Phone,7,184.58
1474,2237,2024-07-20,Mouse,9,316.47
3748,2921,2024-07-15,Phone,9,566.26
9828,2486,2024-09-03,Mouse,4,123.80
5769,2292,2023-11-29,Keyboard,7,436.62
9963,2600,2023-12-09,Monitor,9,757.69
6423,2229,2024-05-18,Monitor,8,817.36
6358,2648,2024-08-15,Keyboard,7,175.37
3900,2733,2024-05-24,Monitor,10,90.34
5397,2404,2024-04-12,Headphones,6,410.93
6332,2892,2024-03-11,Laptop,4,8.82
6531,2808,2023-09-26,Mouse,7,128.49
4647,2481,2023-12-13,Monitor,7,14.79
1388,2316,2024-02-18,Monitor,8,622.06
7317,2372,2024-01-15,Keyboard,3,131.69
2915,2453,2024-01-07,Mouse,8,806.99
9811,2411,2024-04-09,Phone,4,335.10
8844,2687,2023-11-10,Keyboard,7,523.13
9172,2595,2024-03-26,Keyboard,2,381.81
5750,2748,2023-10-28,Monitor,2,860.46
6570,2737,2024-02-25,Headphones,4,444.45
7346,2844,2024-04-09,Headphones,6,942.60
2778,2691,2024-06-17,Headphones,2,826.87
6453,2084,2024-04-10,Keyboard,9,780.95
2170,2136,2023-11-20,Mouse,1,657.47
1915,2772,2024-07-09,Phone,6,406.98
3194,2710,2024-05-15,Keyboard,3,805.19
5679,2140,2023-11-06,Phone,6,861.63
5285,2005,2024-03-29,Phone,3,395.31
6347,2959,2024-08-27,Mouse,7,887.91
3983,2705,2024-01-25,Monitor,4,171.04
5469,2362,2023-11-05,Headphones,6,103.79
1110,2380,2024-05-10,Mouse,5,878.27
8425,2982,2023-09-23,Monitor,10,292.32
6755,2623,2024-07-11,Keyboard,8,244.20
3313,2919,2024-01-13,Phone,3,162.53
6703,2390,2024-06-12,Monitor,2,410.56
4092,2705,2024-07-17,Mouse,5,193.31
1458,2510,2024-05-10,Keyboard,3,959.09
4012,2133,2023-12-25,Keyboard,4,805.79
5428,2826,2024-05-06,Headphones,10,451.89
3144,2569,2024-07-10,Keyboard,10,806.13
8531,2071,2024-02-29,Phone,1,337.61
2688,2346,2024-07-01,Mouse,4,868.86
6182,2799,2024-06-17,Laptop,6,980.15
3690,2499,2023-12-18,Keyboard,7,278.14
5820,2655,2024-06-03,Keyboard,8,784.14
3166,2086,2023-12-10,Mouse,3,75.59
3221,2361,2024-03-24,Monitor,7,724.28
5349,2011,2024-06-10,Laptop,3,280.60
1522,2229,2024-02-22,Headphones,7,371.40
1879,2206,2024-09-02,Mouse,1,390.15
2351,2698,2024-01-16,Mouse,6,562.04
1578,2979,2023-11-05,Mouse,6,364.16
8425,2501,2024-01-27,Laptop,7,96.12
7302,2683,2024-04-22,Laptop,8,716.21
2864,2220,2024-08-09,Keyboard,3,590.53
5951,2799,2024-04-05,Monitor,10,213.82
8385,2150,2024-08-28,Monitor,2,865.04
5508,2921,2024-07-15,Headphones,4,711.13
2701,2335,2024-08-14,Mouse,3,888.40
6540,2071,2024-09-11,Headphones,5,861.23
9720,2199,2024-06-12,Monitor,7,390.53
7475,2866,2023-11-21,Laptop,9,788.69
5111,2599,2023-12-22,Mouse,9,731.42
4222,2259,2023-11-18,Keyboard,5,477.70
2870,2448,2023-09-23,Monitor,9,121.30
5078,2199,2024-06-15,Mouse,8,918.14
